Workbook

Sheet Forward Curve
A1: SOFR Forward Curve: monthly, 10 years
A2: Curve date (CME settlement) | B2: 46311
A3: Last SOFR fixing | B3: 0.0389 | C3: on 2026-10-15 (NY Fed)
A4: Generated | B4: 2026-10-17 13:24 UTC
A6: Loan inputs (edit the yellow cells)
A7: Spread over SOFR (bp) | B7: 250 | C7: Example: 250 = SOFR + 2.50%
A8: SOFR floor | B8: 0
A9: SOFR cap strike (blank = no cap) | C9: Example: 4.00% caps the index at 4.00%
A11: Reset Date | B11: End Date | C11: Days | D11: 1M Fwd SOFR | E11: Avg Overnight SOFR | F11: Futures-Implied (no convexity) | G11: Convexity (bp) | H11: Status | I11: Index Rate (after floor / cap) | J11: All-in Rate
A12: 46296 | B12: 46327 | C12: 31 | D12: 0.0389421 | E12: 0.0388812 | F12: 0.038942 | G12: 0 | H12: partially fixed | I12: =MAX($B$8,IF($B$9="",D12,MIN(D12,$B$9))) | J12: =I12+$B$7/10000
A13: 46327 | B13: 46357 | C13: 30 | D13: 0.0394431 | E13: 0.0393826 | F13: 0.039443 | G13: 0 | H13: market | I13: =MAX($B$8,IF($B$9="",D13,MIN(D13,$B$9))) | J13: =I13+$B$7/10000
A14: 46357 | B14: 46388 | C14: 31 | D14: 0.0410883 | E14: 0.0410204 | F14: 0.0410894 | G14: 0.01 | H14: market | I14: =MAX($B$8,IF($B$9="",D14,MIN(D14,$B$9))) | J14: =I14+$B$7/10000
A15: 46388 | B15: 46419 | C15: 31 | D15: 0.0418601 | E15: 0.0417901 | F15: 0.0418619 | G15: 0.02 | H15: market | I15: =MAX($B$8,IF($B$9="",D15,MIN(D15,$B$9))) | J15: =I15+$B$7/10000
A16: 46419 | B16: 46447 | C16: 28 | D16: 0.0425273 | E16: 0.0424623 | F16: 0.0425314 | G16: 0.04 | H16: market | I16: =MAX($B$8,IF($B$9="",D16,MIN(D16,$B$9))) | J16: =I16+$B$7/10000
A17: 46447 | B17: 46478 | C17: 31 | D17: 0.0432742 | E17: 0.0431989 | F17: 0.0432806 | G17: 0.06 | H17: market | I17: =MAX($B$8,IF($B$9="",D17,MIN(D17,$B$9))) | J17: =I17+$B$7/10000
A18: 46478 | B18: 46508 | C18: 30 | D18: 0.0442283 | E18: 0.0441519 | F18: 0.0442377 | G18: 0.09 | H18: market | I18: =MAX($B$8,IF($B$9="",D18,MIN(D18,$B$9))) | J18: =I18+$B$7/10000
A19: 46508 | B19: 46539 | C19: 31 | D19: 0.045053 | E19: 0.0449715 | F19: 0.0450659 | G19: 0.13 | H19: market | I19: =MAX($B$8,IF($B$9="",D19,MIN(D19,$B$9))) | J19: =I19+$B$7/10000
A20: 46539 | B20: 46569 | C20: 30 | D20: 0.0457269 | E20: 0.0456458 | F20: 0.0457452 | G20: 0.18 | H20: market | I20: =MAX($B$8,IF($B$9="",D20,MIN(D20,$B$9))) | J20: =I20+$B$7/10000
A21: 46569 | B21: 46600 | C21: 31 | D21: 0.0460442 | E21: 0.0459591 | F21: 0.0460655 | G21: 0.21 | H21: market | I21: =MAX($B$8,IF($B$9="",D21,MIN(D21,$B$9))) | J21: =I21+$B$7/10000
A22: 46600 | B22: 46631 | C22: 31 | D22: 0.0462729 | E22: 0.0461862 | F22: 0.0463005 | G22: 0.28 | H22: market | I22: =MAX($B$8,IF($B$9="",D22,MIN(D22,$B$9))) | J22: =I22+$B$7/10000
A23: 46631 | B23: 46661 | C23: 30 | D23: 0.0464281 | E23: 0.0463445 | F23: 0.0464609 | G23: 0.33 | H23: market | I23: =MAX($B$8,IF($B$9="",D23,MIN(D23,$B$9))) | J23: =I23+$B$7/10000
... A132: 49949 | B132: 49980 | C132: 31 | D132: 0.0487342 | E132: 0.0486387 | F132: 0.051564 | G132: 28.3 | H132: extrapolated | I132: =MAX($B$8,IF($B$9="",D132,MIN(D132,$B$9))) | J132: =I132+$B$7/10000
A134: 1M Fwd SOFR: compounded SOFR over the calendar month, approximately the 1M Term SOFR fixing on the reset date.
A135: Status: 'partially fixed' months blend published SOFR fixings with forwards; 'extrapolated' months (grey) lie beyond the last listed SR3 contract and hold its level flat.
A136: Blue numbers are model outputs pasted as values; black cells are formulas driven by the yellow inputs.
A137: Live data: https://jkane-29.github.io/opensofr/api/v1/latest.csv (Excel: Data > From Web, paste the URL, then Refresh All).

Sheet Annual
A1: Calendar-year averages (simple average of monthly values)
A3: Year | B3: Months in Curve | C3: Avg 1M Fwd SOFR | D3: Avg All-in Rate
A4: 2026 | B4: =COUNTIFS('Forward Curve'!$A$12:$A$132,">="&DATE(A4,1,1),'Forward Curve'!$A$12:$A$132,"<"&DATE(A4+1,1,1)) | C4: =IFERROR(AVERAGEIFS('Forward Curve'!$D$12:$D$132,'Forward Curve'!$A$12:$A$132,">="&DATE(A4,1,1),'Forward Curve'!$A$12:$A$132,"<"&DATE(A4+1,1,1)),"") | D4: =IFERROR(AVERAGEIFS('Forward Curve'!$J$12:$J$132,'Forward Curve'!$A$12:$A$132,">="&DATE(A4,1,1),'Forward Curve'!$A$12:$A$132,"<"&DATE(A4+1,1,1)),"")
A5: 2027 | B5: =COUNTIFS('Forward Curve'!$A$12:$A$132,">="&DATE(A5,1,1),'Forward Curve'!$A$12:$A$132,"<"&DATE(A5+1,1,1)) | C5: =IFERROR(AVERAGEIFS('Forward Curve'!$D$12:$D$132,'Forward Curve'!$A$12:$A$132,">="&DATE(A5,1,1),'Forward Curve'!$A$12:$A$132,"<"&DATE(A5+1,1,1)),"") | D5: =IFERROR(AVERAGEIFS('Forward Curve'!$J$12:$J$132,'Forward Curve'!$A$12:$A$132,">="&DATE(A5,1,1),'Forward Curve'!$A$12:$A$132,"<"&DATE(A5+1,1,1)),"")
A6: 2028 | B6: =COUNTIFS('Forward Curve'!$A$12:$A$132,">="&DATE(A6,1,1),'Forward Curve'!$A$12:$A$132,"<"&DATE(A6+1,1,1)) | C6: =IFERROR(AVERAGEIFS('Forward Curve'!$D$12:$D$132,'Forward Curve'!$A$12:$A$132,">="&DATE(A6,1,1),'Forward Curve'!$A$12:$A$132,"<"&DATE(A6+1,1,1)),"") | D6: =IFERROR(AVERAGEIFS('Forward Curve'!$J$12:$J$132,'Forward Curve'!$A$12:$A$132,">="&DATE(A6,1,1),'Forward Curve'!$A$12:$A$132,"<"&DATE(A6+1,1,1)),"")
A7: 2029 | B7: =COUNTIFS('Forward Curve'!$A$12:$A$132,">="&DATE(A7,1,1),'Forward Curve'!$A$12:$A$132,"<"&DATE(A7+1,1,1)) | C7: =IFERROR(AVERAGEIFS('Forward Curve'!$D$12:$D$132,'Forward Curve'!$A$12:$A$132,">="&DATE(A7,1,1),'Forward Curve'!$A$12:$A$132,"<"&DATE(A7+1,1,1)),"") | D7: =IFERROR(AVERAGEIFS('Forward Curve'!$J$12:$J$132,'Forward Curve'!$A$12:$A$132,">="&DATE(A7,1,1),'Forward Curve'!$A$12:$A$132,"<"&DATE(A7+1,1,1)),"")
A8: 2030 | B8: =COUNTIFS('Forward Curve'!$A$12:$A$132,">="&DATE(A8,1,1),'Forward Curve'!$A$12:$A$132,"<"&DATE(A8+1,1,1)) | C8: =IFERROR(AVERAGEIFS('Forward Curve'!$D$12:$D$132,'Forward Curve'!$A$12:$A$132,">="&DATE(A8,1,1),'Forward Curve'!$A$12:$A$132,"<"&DATE(A8+1,1,1)),"") | D8: =IFERROR(AVERAGEIFS('Forward Curve'!$J$12:$J$132,'Forward Curve'!$A$12:$A$132,">="&DATE(A8,1,1),'Forward Curve'!$A$12:$A$132,"<"&DATE(A8+1,1,1)),"")
A9: 2031 | B9: =COUNTIFS('Forward Curve'!$A$12:$A$132,">="&DATE(A9,1,1),'Forward Curve'!$A$12:$A$132,"<"&DATE(A9+1,1,1)) | C9: =IFERROR(AVERAGEIFS('Forward Curve'!$D$12:$D$132,'Forward Curve'!$A$12:$A$132,">="&DATE(A9,1,1),'Forward Curve'!$A$12:$A$132,"<"&DATE(A9+1,1,1)),"") | D9: =IFERROR(AVERAGEIFS('Forward Curve'!$J$12:$J$132,'Forward Curve'!$A$12:$A$132,">="&DATE(A9,1,1),'Forward Curve'!$A$12:$A$132,"<"&DATE(A9+1,1,1)),"")
A10: 2032 | B10: =COUNTIFS('Forward Curve'!$A$12:$A$132,">="&DATE(A10,1,1),'Forward Curve'!$A$12:$A$132,"<"&DATE(A10+1,1,1)) | C10: =IFERROR(AVERAGEIFS('Forward Curve'!$D$12:$D$132,'Forward Curve'!$A$12:$A$132,">="&DATE(A10,1,1),'Forward Curve'!$A$12:$A$132,"<"&DATE(A10+1,1,1)),"") | D10: =IFERROR(AVERAGEIFS('Forward Curve'!$J$12:$J$132,'Forward Curve'!$A$12:$A$132,">="&DATE(A10,1,1),'Forward Curve'!$A$12:$A$132,"<"&DATE(A10+1,1,1)),"")
A11: 2033 | B11: =COUNTIFS('Forward Curve'!$A$12:$A$132,">="&DATE(A11,1,1),'Forward Curve'!$A$12:$A$132,"<"&DATE(A11+1,1,1)) | C11: =IFERROR(AVERAGEIFS('Forward Curve'!$D$12:$D$132,'Forward Curve'!$A$12:$A$132,">="&DATE(A11,1,1),'Forward Curve'!$A$12:$A$132,"<"&DATE(A11+1,1,1)),"") | D11: =IFERROR(AVERAGEIFS('Forward Curve'!$J$12:$J$132,'Forward Curve'!$A$12:$A$132,">="&DATE(A11,1,1),'Forward Curve'!$A$12:$A$132,"<"&DATE(A11+1,1,1)),"")
A12: 2034 | B12: =COUNTIFS('Forward Curve'!$A$12:$A$132,">="&DATE(A12,1,1),'Forward Curve'!$A$12:$A$132,"<"&DATE(A12+1,1,1)) | C12: =IFERROR(AVERAGEIFS('Forward Curve'!$D$12:$D$132,'Forward Curve'!$A$12:$A$132,">="&DATE(A12,1,1),'Forward Curve'!$A$12:$A$132,"<"&DATE(A12+1,1,1)),"") | D12: =IFERROR(AVERAGEIFS('Forward Curve'!$J$12:$J$132,'Forward Curve'!$A$12:$A$132,">="&DATE(A12,1,1),'Forward Curve'!$A$12:$A$132,"<"&DATE(A12+1,1,1)),"")
A13: 2035 | B13: =COUNTIFS('Forward Curve'!$A$12:$A$132,">="&DATE(A13,1,1),'Forward Curve'!$A$12:$A$132,"<"&DATE(A13+1,1,1)) | C13: =IFERROR(AVERAGEIFS('Forward Curve'!$D$12:$D$132,'Forward Curve'!$A$12:$A$132,">="&DATE(A13,1,1),'Forward Curve'!$A$12:$A$132,"<"&DATE(A13+1,1,1)),"") | D13: =IFERROR(AVERAGEIFS('Forward Curve'!$J$12:$J$132,'Forward Curve'!$A$12:$A$132,">="&DATE(A13,1,1),'Forward Curve'!$A$12:$A$132,"<"&DATE(A13+1,1,1)),"")
A14: 2036 | B14: =COUNTIFS('Forward Curve'!$A$12:$A$132,">="&DATE(A14,1,1),'Forward Curve'!$A$12:$A$132,"<"&DATE(A14+1,1,1)) | C14: =IFERROR(AVERAGEIFS('Forward Curve'!$D$12:$D$132,'Forward Curve'!$A$12:$A$132,">="&DATE(A14,1,1),'Forward Curve'!$A$12:$A$132,"<"&DATE(A14+1,1,1)),"") | D14: =IFERROR(AVERAGEIFS('Forward Curve'!$J$12:$J$132,'Forward Curve'!$A$12:$A$132,">="&DATE(A14,1,1),'Forward Curve'!$A$12:$A$132,"<"&DATE(A14+1,1,1)),"")
A16: Years with fewer than 12 months are partial (curve starts in the current month).

Sheet Futures Inputs
A1: CME SOFR futures settlements used in the fit (trade date 2026-10-16)
A3: Contract | B3: Reference Start | C3: Reference End | D3: Settle | E3: Implied Rate | F3: Convexity (bp) | G3: Model Rate | H3: Residual (bp) | I3: Open Interest
A4: SR3 JUL 26 | B4: 46218 | C4: 46316 | D4: 96.2625 | E4: =(100-D4)/100 | F4: 0 | G4: 0.0373896 | H4: 0.146 | I4: 20743
A5: SR3 AUG 26 | B5: 46253 | C5: 46344 | D5: 96.165 | E5: =(100-D5)/100 | F5: 0 | G5: 0.0383523 | H5: 0.023 | I5: 6448
A6: SR3 SEP 26 | B6: 46281 | C6: 46372 | D6: 96.06 | E6: =(100-D6)/100 | F6: 0 | G6: 0.0394226 | H6: 0.226 | I6: 1328168
A7: SR1 OCT 26 | B7: 46296 | C7: 46327 | D7: 96.11 | E7: =(100-D7)/100 | F7: 0 | G7: 0.0388812 | H7: -0.188 | I7: 342282
A8: SR3 OCT 26 | B8: 46316 | C8: 46407 | D8: 95.94 | E8: =(100-D8)/100 | F8: 0 | G8: 0.0405791 | H8: -0.209 | I8: 5699
A9: SR1 NOV 26 | B9: 46327 | C9: 46357 | D9: 96.065 | E9: =(100-D9)/100 | F9: 0 | G9: 0.0393828 | H9: 0.328 | I9: 277312
A10: SR3 NOV 26 | B10: 46344 | C10: 46435 | D10: 95.845 | E10: =(100-D10)/100 | F10: 0.01 | G10: 0.0415146 | H10: -0.354 | I10: 2587
A11: SR1 DEC 26 | B11: 46357 | C11: 46388 | D11: 95.895 | E11: =(100-D11)/100 | F11: 0.01 | G11: 0.0410215 | H11: -0.285 | I11: 216719
A12: SR3 DEC 26 | B12: 46372 | C12: 46463 | D12: 95.775 | E12: =(100-D12)/100 | F12: 0.03 | G12: 0.0423199 | H12: 0.699 | I12: 1496875
A13: SR1 JAN 27 | B13: 46388 | C13: 46419 | D13: 95.82 | E13: =(100-D13)/100 | F13: 0.03 | G13: 0.0417926 | H13: -0.074 | I13: 177293
A14: SR3 JAN 27 | B14: 46407 | C14: 46498 | D14: 95.68 | E14: =(100-D14)/100 | F14: 0.05 | G14: 0.0432386 | H14: 0.386 | I14: 1108
A15: SR1 FEB 27 | B15: 46419 | C15: 46447 | D15: 95.75 | E15: =(100-D15)/100 | F15: 0.04 | G15: 0.0424667 | H15: -0.333 | I15: 106292
... A62: SR3 MAR 36 | B62: 49753 | C62: 49844 | D62: 94.82 | E62: =(100-D62)/100 | F62: 27.94 | G62: 0.0518058 | H62: 0.058 | I62: 0
A64: Fit: 59 contracts, RMS residual 0.22 bp, max 0.699 bp. Residual = model futures rate - market rate. Source: CME Group daily settlements (SR3, SR1).

Sheet SOFR Fixings
A1: Published SOFR used for elapsed days (source: Federal Reserve Bank of New York)
A3: Date | B3: SOFR
A4: 46310 | B4: 0.0389
A5: 46309 | B5: 0.0388
A6: 46308 | B6: 0.0389
A7: 46304 | B7: 0.0387
A8: 46303 | B8: 0.0387
A9: 46302 | B9: 0.0388
A10: 46301 | B10: 0.039
A11: 46300 | B11: 0.0389
A12: 46297 | B12: 0.0388
A13: 46296 | B13: 0.0387
A14: 46295 | B14: 0.039
A15: 46294 | B15: 0.0388
... A77: 46204 | B77: 0.0366

Sheet Methodology
A1: Methodology
A2: Inputs: CME Three-Month (SR3) and One-Month (SR1) SOFR futures daily settlements; NY Fed SOFR fixings.
A3: SR1 settles on the calendar-day average of SOFR in its month; SR3 on business-day compounded SOFR from the 3rd Wednesday of its named month to the 3rd Wednesday three months later.
A4: Front end: overnight SOFR is constant between FOMC decision dates (rate changes effective the day after), the same step structure CME uses for Term SOFR. Beyond the last scheduled FOMC meeting: one level per month.
A5: Levels are fitted by least squares to all SR3 quarterlies and to serial SR3 / SR1 contracts with open interest, with a light curvature penalty so the back end is smooth.
A6: Convexity: futures rates are reduced by a Hull-White one-factor adjustment (sigma = 0.90% normal, mean reversion a = 0.03). On this curve: 3 bp at 3 years, 9 bp at 5 years, 28 bp at 10 years. The 'Futures-Implied' column shows the curve with no adjustment.
A7: Contracts beyond about 7 years carry little or no open interest; CME sets their settlements from spreads, so the last few years of the curve are indicative. Months after the last contract hold its level flat.
A8: 1M Fwd SOFR is compounded SOFR over each calendar month and approximates the 1M CME Term SOFR fixing on the reset date to within a few bp; it is not CME Term SOFR.
A9: Not investment advice. Market data (c) CME Group and the Federal Reserve Bank of New York.
A11: API (CORS-enabled, static JSON/CSV)
A12: https://jkane-29.github.io/opensofr/api/v1/latest.json
A13: https://jkane-29.github.io/opensofr/api/v1/latest.csv
... A15: https://jkane-29.github.io/opensofr/downloads/sofr-forward-curve.xlsx
